runid,recall,precision,f-score
ID10_ROUGE-SU4,0.2783,0.14152,0.15489
ID1_ROUGE-SU4,0.14033,0.09419,0.09871
ID2_ROUGE-SU4,0.16618,0.14293,0.13309
ID3_ROUGE-SU4,0.19889,0.16758,0.1514
ID4_ROUGE-SU4,0.20836,0.07856,0.1071
ID6_ROUGE-SU4,0.17617,0.1145,0.12456
ID7_ROUGE-SU4,0.11818,0.09413,0.09874
ID8_ROUGE-SU4,0.18475,0.09219,0.11487
ID9_ROUGE-SU4,0.15185,0.11618,0.0974
