runid,recall,precision,f-score
ID10_ROUGE-2,0.23394,0.13669,0.14922
ID1_ROUGE-2,0.12057,0.08482,0.0889
ID2_ROUGE-2,0.13858,0.09774,0.10347
ID3_ROUGE-2,0.15808,0.13857,0.1278
ID4_ROUGE-2,0.13962,0.06886,0.08634
ID6_ROUGE-2,0.13767,0.0992,0.10629
ID7_ROUGE-2,0.10627,0.07772,0.08577
ID8_ROUGE-2,0.14726,0.07851,0.09653
ID9_ROUGE-2,0.12559,0.10451,0.09497
