runid,recall,precision,f-score
ID10_ROUGE-1,0.46751,0.25828,0.30786
ID1_ROUGE-1,0.29869,0.21359,0.2319
ID2_ROUGE-1,0.34194,0.29444,0.29188
ID3_ROUGE-1,0.37218,0.29644,0.29987
ID4_ROUGE-1,0.42259,0.20676,0.26279
ID6_ROUGE-1,0.35648,0.25396,0.2763
ID7_ROUGE-1,0.24058,0.22703,0.22376
ID8_ROUGE-1,0.38854,0.22008,0.26786
ID9_ROUGE-1,0.32405,0.23596,0.23097
