runid,recall,precision,f-score
ID10_ROUGE-2,0.35146,0.34364,0.34743
ID1_ROUGE-2,0.17392,0.17694,0.17532
ID2_ROUGE-2,0.19004,0.19544,0.19269
ID3_ROUGE-2,0.199,0.22412,0.21067
ID4_ROUGE-2,0.17892,0.18138,0.18009
ID7_ROUGE-2,0.13825,0.14237,0.14021
ID9_ROUGE-2,0.13979,0.14405,0.14184
