runid,recall,precision,f-score
ID10_ROUGE-1,0.58605,0.57333,0.5795
ID1_ROUGE-1,0.4629,0.47501,0.46863
ID2_ROUGE-1,0.47594,0.4901,0.48287
ID3_ROUGE-1,0.45927,0.51706,0.4861
ID4_ROUGE-1,0.44301,0.44974,0.4462
ID7_ROUGE-1,0.42764,0.4416,0.43427
ID9_ROUGE-1,0.42867,0.44272,0.43542
