runid,recall,precision,f-score
ID10_ROUGE-SU4,0.35179,0.3439,0.34772
ID1_ROUGE-SU4,0.20106,0.20525,0.20302
ID2_ROUGE-SU4,0.21059,0.21674,0.2136
ID3_ROUGE-SU4,0.21509,0.24219,0.22768
ID4_ROUGE-SU4,0.19872,0.20151,0.20004
ID7_ROUGE-SU4,0.1717,0.17702,0.17423
ID9_ROUGE-SU4,0.17438,0.17995,0.17706
