runid,recall,precision,f-score
ID10_ROUGE-1,0.52488,0.51806,0.52141
ID1_ROUGE-1,0.40524,0.41253,0.40776
ID2_ROUGE-1,0.46481,0.45655,0.46062
ID3_ROUGE-1,0.43169,0.47909,0.45404
ID4_ROUGE-1,0.44423,0.44966,0.44691
ID5_ROUGE-1,0.41092,0.43513,0.42243
ID6_ROUGE-1,0.3547,0.45122,0.39617
ID7_ROUGE-1,0.39586,0.3953,0.39547
ID8_ROUGE-1,0.38714,0.39265,0.38985
ID9_ROUGE-1,0.38105,0.37726,0.3791
