runid,recall,precision,f-score
ID10_ROUGE-SU4,0.27248,0.26882,0.27062
ID1_ROUGE-SU4,0.15995,0.16322,0.16112
ID2_ROUGE-SU4,0.2022,0.19868,0.20042
ID3_ROUGE-SU4,0.19927,0.22148,0.20973
ID4_ROUGE-SU4,0.19083,0.1932,0.192
ID5_ROUGE-SU4,0.17475,0.18503,0.17964
ID6_ROUGE-SU4,0.1457,0.18648,0.16312
ID7_ROUGE-SU4,0.14507,0.1446,0.1448
ID8_ROUGE-SU4,0.1566,0.15874,0.15765
ID9_ROUGE-SU4,0.14805,0.14655,0.14728
