runid,recall,precision,f-score
ID10_ROUGE-2,0.25177,0.2483,0.25
ID1_ROUGE-2,0.12125,0.12448,0.12247
ID2_ROUGE-2,0.17052,0.16779,0.16914
ID3_ROUGE-2,0.1733,0.19256,0.18237
ID4_ROUGE-2,0.1517,0.15369,0.15269
ID5_ROUGE-2,0.13605,0.14404,0.13985
ID6_ROUGE-2,0.10655,0.1367,0.11937
ID7_ROUGE-2,0.09662,0.09612,0.09635
ID8_ROUGE-2,0.12144,0.12298,0.12219
ID9_ROUGE-2,0.10962,0.10841,0.109
