runid,recall,precision,f-score
ID10_ROUGE-1,0.54728,0.53965,0.54315
ID1_ROUGE-1,0.4669,0.4681,0.46702
ID2_ROUGE-1,0.49282,0.48345,0.48789
ID3_ROUGE-1,0.46999,0.52169,0.49427
ID4_ROUGE-1,0.45828,0.46227,0.46006
ID5_ROUGE-1,0.37111,0.43984,0.402
ID6_ROUGE-1,0.36108,0.50732,0.42045
ID7_ROUGE-1,0.46018,0.45893,0.45914
ID9_ROUGE-1,0.43156,0.43124,0.4312
