runid,recall,precision,f-score
ID10_ROUGE-2,0.28553,0.28215,0.28369
ID1_ROUGE-2,0.15354,0.15474,0.15398
ID2_ROUGE-2,0.19737,0.19322,0.1952
ID3_ROUGE-2,0.20178,0.22313,0.21184
ID4_ROUGE-2,0.15909,0.15994,0.15945
ID5_ROUGE-2,0.11862,0.14,0.12827
ID6_ROUGE-2,0.10044,0.13955,0.11645
ID7_ROUGE-2,0.15053,0.14996,0.15011
ID9_ROUGE-2,0.1298,0.12979,0.12973
