runid,recall,precision,f-score
ID10_ROUGE-SU4,0.29501,0.29153,0.29311
ID1_ROUGE-SU4,0.1903,0.19146,0.19068
ID2_ROUGE-SU4,0.21525,0.21091,0.21297
ID3_ROUGE-SU4,0.21896,0.24294,0.23023
ID4_ROUGE-SU4,0.19151,0.19286,0.1921
ID5_ROUGE-SU4,0.15037,0.1782,0.16289
ID6_ROUGE-SU4,0.13499,0.189,0.15699
ID7_ROUGE-SU4,0.18688,0.18607,0.18631
ID9_ROUGE-SU4,0.16705,0.16709,0.16699
