runid,recall,precision,f-score
ID10_ROUGE-2,0.1453,0.10666,0.11833
ID1_ROUGE-2,0.06129,0.0671,0.06363
ID2_ROUGE-2,0.14916,0.11537,0.11853
ID3_ROUGE-2,0.10051,0.087,0.08917
ID4_ROUGE-2,0.12892,0.0847,0.09876
ID7_ROUGE-2,0.04943,0.04114,0.04418
ID9_ROUGE-2,0.07285,0.06449,0.06564
