runid,recall,precision,f-score
ID10_ROUGE-SU4,0.1709,0.1138,0.12994
ID1_ROUGE-SU4,0.09545,0.09816,0.09509
ID2_ROUGE-SU4,0.15418,0.12392,0.11902
ID3_ROUGE-SU4,0.10963,0.09515,0.09513
ID4_ROUGE-SU4,0.17911,0.11366,0.13395
ID7_ROUGE-SU4,0.06098,0.05316,0.05543
ID9_ROUGE-SU4,0.11328,0.09331,0.09627
