runid,recall,precision,f-score
ID10_ROUGE-1,0.43372,0.31987,0.35508
ID1_ROUGE-1,0.24881,0.25295,0.24764
ID2_ROUGE-1,0.3953,0.31887,0.32589
ID3_ROUGE-1,0.29063,0.25131,0.25711
ID4_ROUGE-1,0.41309,0.27183,0.31683
ID7_ROUGE-1,0.18607,0.16686,0.17291
ID9_ROUGE-1,0.29429,0.23677,0.25228
