runid,recall,precision,f-score
ID10_ROUGE-SU4,0.27844,0.19921,0.1986
ID1_ROUGE-SU4,0.0856,0.08234,0.07507
ID2_ROUGE-SU4,0.14424,0.13912,0.11751
ID3_ROUGE-SU4,0.15658,0.1706,0.13835
ID4_ROUGE-SU4,0.18992,0.10034,0.12676
ID7_ROUGE-SU4,0.11711,0.12626,0.10606
ID9_ROUGE-SU4,0.15206,0.12963,0.12203
