runid,recall,precision,f-score
ID10_ROUGE-1,0.54206,0.40091,0.42783
ID1_ROUGE-1,0.24088,0.22702,0.21566
ID2_ROUGE-1,0.34343,0.32584,0.30154
ID3_ROUGE-1,0.33681,0.33028,0.31205
ID4_ROUGE-1,0.47726,0.28349,0.34731
ID7_ROUGE-1,0.28789,0.28894,0.26446
ID9_ROUGE-1,0.32129,0.33128,0.29842
