runid,recall,precision,f-score
ID10_ROUGE-2,0.22212,0.14784,0.16275
ID1_ROUGE-2,0.05117,0.03834,0.04263
ID2_ROUGE-2,0.0954,0.07631,0.07857
ID3_ROUGE-2,0.12931,0.10842,0.11226
ID4_ROUGE-2,0.08251,0.0482,0.05941
ID7_ROUGE-2,0.09088,0.11228,0.09264
ID9_ROUGE-2,0.10221,0.06762,0.07387
