runid,recall,precision,f-score
ID10_ROUGE-1,0.09356,0.03497,0.04924
ID1_ROUGE-1,0.04014,0.02392,0.02883
ID2_ROUGE-1,0.11365,0.0521,0.06895
ID3_ROUGE-1,0.21378,0.07524,0.10998
ID4_ROUGE-1,0.04004,0.0154,0.02225
ID5_ROUGE-1,0.11375,0.05284,0.0685
ID6_ROUGE-1,0.08692,0.10594,0.09276
ID7_ROUGE-1,0.07351,0.03511,0.04352
ID9_ROUGE-1,0.09353,0.07933,0.08098
