runid,recall,precision,f-score
ID10_ROUGE-2,0,0,0
ID1_ROUGE-2,0,0,0
ID2_ROUGE-2,0.00838,0.00559,0.00671
ID3_ROUGE-2,0.05843,0.02004,0.02982
ID4_ROUGE-2,0.02503,0.00834,0.01251
ID5_ROUGE-2,0.03353,0.01677,0.02236
ID6_ROUGE-2,0.00838,0.01677,0.01118
ID7_ROUGE-2,0,0,0
ID9_ROUGE-2,0,0,0
