runid,recall,precision,f-score
ID10_ROUGE-SU4,0.03145,0.00724,0.01083
ID1_ROUGE-SU4,0.01401,0.0065,0.00825
ID2_ROUGE-SU4,0.04431,0.01696,0.02332
ID3_ROUGE-SU4,0.09751,0.02096,0.03387
ID4_ROUGE-SU4,0.02145,0.00484,0.0079
ID5_ROUGE-SU4,0.05516,0.02238,0.03175
ID6_ROUGE-SU4,0.01143,0.03353,0.01705
ID7_ROUGE-SU4,0.02002,0.002,0.00364
ID9_ROUGE-SU4,0.03432,0.02537,0.02282
