SysID	AutoSummENG_MeMoG
ID1	0.2968679
ID10	0.6656735
ID2	0.3685871
ID3	0.4827545
ID4	0.3829455
ID6	0.3403956
ID7	0.2612090
ID8	0.3052325
ID9	0.2820944
