SysID	AutoSummENG_MeMoG
ID1	0.3614612
ID10	0.6885521
ID2	0.3732016
ID3	0.4301221
ID4	0.37002
ID7	0.3164994
ID9	0.3118419
