SysID	AutoSummENG_MeMoG
ID1	0.3443412
ID10	0.5477871
ID2	0.3859586
ID3	0.4256148
ID4	0.3785725
ID5	0.3500278
ID6	0.3490875
ID7	0.3108508
ID8	0.3323676
ID9	0.304319


