SysID	AutoSummENG_MeMoG
ID1	0.3867857
ID10	0.5950646
ID2	0.4137385
ID3	0.4658284
ID4	0.3674138
ID5	0.3583299
ID6	0.3532011
ID7	0.3818361
ID9	0.3357033
