SysID	AutoSummENG_MeMoG
ID1	0.3057222
ID10	0.5236295
ID2	0.3745671
ID3	0.3724540
ID4	0.3301586
ID7	0.2869058
ID9	0.2913246
