SysID	AutoSummENG_MeMoG
ID1	0.2765325
ID10	0.5366617
ID2	0.3267748
ID3	0.3678916
ID4	0.312704
ID7	0.2798454
ID9	0.2716061


