SysID	AutoSummENG_MeMoG
ID1	0.2399237
ID10	0.36066
ID2	0.2857739
ID3	0.2753833
ID4	0.1993831
ID5	0.2490644
ID6	0.2198005
ID7	0.1985277
ID9	0.2074321
